<?xml version="1.0" encoding="UTF-8"?>
<project-private xmlns="http://www.netbeans.org/ns/project-private/1">
    <editor-bookmarks xmlns="http://www.netbeans.org/ns/editor-bookmarks/2" lastBookmarkId="0"/>
    <open-files xmlns="http://www.netbeans.org/ns/projectui-open-files/2">
        <group>
            <file>file:/C:/Users/Mohana/Documents/NetBeansProjects/FOOD%20ORDER/src/Breakfast.java</file>
            <file>file:/C:/Users/Mohana/Documents/NetBeansProjects/FOOD%20ORDER/src/FoodOrder.java</file>
            <file>file:/C:/Users/Mohana/Documents/NetBeansProjects/FOOD%20ORDER/src/Dinner.java</file>
            <file>file:/C:/Users/Mohana/Documents/NetBeansProjects/FOOD%20ORDER/src/Welcome.java</file>
            <file>file:/C:/Users/Mohana/Documents/NetBeansProjects/FOOD%20ORDER/src/Lunch.java</file>
            <file>file:/C:/Users/Mohana/Documents/NetBeansProjects/FOOD%20ORDER/src/Bill.java</file>
            <file>file:/C:/Users/Mohana/Documents/NetBeansProjects/FOOD%20ORDER/src/login.java</file>
        </group>
    </open-files>
</project-private>
